./orb_stats_bf_matcher.csv:arabic_90.jpg	0.0053021907806396484	0.20649290084838867	0.8
./orb_stats_bf_matcher.csv:arabic_90.jpg	0.0045871734619140625	0.2496340274810791	0.8
./orb_stats_bf_matcher.csv:arabic_90.jpg	0.00456690788269043	0.2513868808746338	0.8
./orb_stats_bf_matcher.csv:arabic_90.jpg	0.005555868148803711	0.19196391105651855	0.8
./orb_stats_bf_matcher.csv:arabic_90.jpg	0.004626035690307617	0.23268508911132812	0.8
./orb_stats_bf_matcher.csv:arabic_90.jpg	0.004784107208251953	0.24821901321411133	0.8
./orb_stats_bf_matcher.csv:arabic_90.jpg	0.007205009460449219	0.2283339500427246	0.8
./orb_stats_bf_matcher.csv:arabic_90.jpg	0.004483938217163086	0.19173312187194824	0.8
./orb_stats_bf_matcher.csv:arabic_90.jpg	0.005138874053955078	0.19522690773010254	0.8
./orb_stats_bf_matcher.csv:arabic_90.jpg	0.005421876907348633	0.22932195663452148	0.8
./orb_stats_bf_matcher.csv:butterfly_90.jpg	0.00574803352355957	0.18181586265563965	100.0
./orb_stats_bf_matcher.csv:butterfly_90.jpg	0.00443720817565918	0.18352913856506348	100.0
./orb_stats_bf_matcher.csv:butterfly_90.jpg	0.004357814788818359	0.17532706260681152	100.0
./orb_stats_bf_matcher.csv:butterfly_90.jpg	0.004298210144042969	0.17160511016845703	100.0
./orb_stats_bf_matcher.csv:butterfly_90.jpg	0.004367828369140625	0.16900396347045898	100.0
./orb_stats_bf_matcher.csv:butterfly_90.jpg	0.004486799240112305	0.23207306861877441	100.0
./orb_stats_bf_matcher.csv:butterfly_90.jpg	0.004515886306762695	0.20983505249023438	100.0
./orb_stats_bf_matcher.csv:butterfly_90.jpg	0.007216930389404297	0.20013093948364258	100.0
./orb_stats_bf_matcher.csv:butterfly_90.jpg	0.0044231414794921875	0.19432306289672852	100.0
./orb_stats_bf_matcher.csv:butterfly_90.jpg	0.004351139068603516	0.19234585762023926	100.0
./orb_stats_bf_matcher.csv:condame_90.jpg	0.004428863525390625	0.19916296005249023	100.0
./orb_stats_bf_matcher.csv:condame_90.jpg	0.005270957946777344	0.1957550048828125	100.0
./orb_stats_bf_matcher.csv:condame_90.jpg	0.005548000335693359	0.2279040813446045	100.0
./orb_stats_bf_matcher.csv:condame_90.jpg	0.00457000732421875	0.20056891441345215	100.0
./orb_stats_bf_matcher.csv:condame_90.jpg	0.007744789123535156	0.23154807090759277	100.0
./orb_stats_bf_matcher.csv:condame_90.jpg	0.004534006118774414	0.1956651210784912	100.0
./orb_stats_bf_matcher.csv:condame_90.jpg	0.005318880081176758	0.19140386581420898	100.0
./orb_stats_bf_matcher.csv:condame_90.jpg	0.004452943801879883	0.20260190963745117	100.0
./orb_stats_bf_matcher.csv:condame_90.jpg	0.006067991256713867	0.2020277976989746	100.0
./orb_stats_bf_matcher.csv:condame_90.jpg	0.0069849491119384766	0.2385270595550537	100.0
./orb_stats_bf_matcher.csv:likeblack_90.jpg	0.005208015441894531	0.19298315048217773	100.0
./orb_stats_bf_matcher.csv:likeblack_90.jpg	0.00575709342956543	0.223891019821167	100.0
./orb_stats_bf_matcher.csv:likeblack_90.jpg	0.004556894302368164	0.1964130401611328	100.0
./orb_stats_bf_matcher.csv:likeblack_90.jpg	0.005449056625366211	0.2051241397857666	100.0
./orb_stats_bf_matcher.csv:likeblack_90.jpg	0.004842042922973633	0.200531005859375	100.0
./orb_stats_bf_matcher.csv:likeblack_90.jpg	0.004673004150390625	0.1912071704864502	100.0
./orb_stats_bf_matcher.csv:likeblack_90.jpg	0.006428956985473633	0.19724106788635254	100.0
./orb_stats_bf_matcher.csv:likeblack_90.jpg	0.005739927291870117	0.1905689239501953	100.0
./orb_stats_bf_matcher.csv:likeblack_90.jpg	0.004753828048706055	0.20871806144714355	100.0
./orb_stats_bf_matcher.csv:likeblack_90.jpg	0.009618043899536133	0.26351499557495117	100.0
./orb_stats_bf_matcher.csv:madam_90.jpg	0.0049970149993896484	0.18676018714904785	100.0
./orb_stats_bf_matcher.csv:madam_90.jpg	0.0047070980072021484	0.20160889625549316	100.0
./orb_stats_bf_matcher.csv:madam_90.jpg	0.0055561065673828125	0.27063608169555664	100.0
./orb_stats_bf_matcher.csv:madam_90.jpg	0.004530906677246094	0.18799495697021484	100.0
./orb_stats_bf_matcher.csv:madam_90.jpg	0.0047380924224853516	0.18621397018432617	100.0
./orb_stats_bf_matcher.csv:madam_90.jpg	0.004597902297973633	0.17656278610229492	100.0
./orb_stats_bf_matcher.csv:madam_90.jpg	0.004661083221435547	0.202225923538208	100.0
./orb_stats_bf_matcher.csv:madam_90.jpg	0.004879951477050781	0.18595504760742188	100.0
./orb_stats_bf_matcher.csv:madam_90.jpg	0.03237199783325195	0.18509221076965332	100.0
./orb_stats_bf_matcher.csv:madam_90.jpg	0.004706144332885742	0.18772387504577637	100.0
./orb_stats_bf_matcher.csv:malcomx_90.jpg	0.004528999328613281	0.191817045211792	100.0
./orb_stats_bf_matcher.csv:malcomx_90.jpg	0.004971981048583984	0.19118690490722656	100.0
./orb_stats_bf_matcher.csv:malcomx_90.jpg	0.004436969757080078	0.1891920566558838	100.0
./orb_stats_bf_matcher.csv:malcomx_90.jpg	0.004532814025878906	0.1816108226776123	100.0
./orb_stats_bf_matcher.csv:malcomx_90.jpg	0.005023956298828125	0.19231796264648438	100.0
./orb_stats_bf_matcher.csv:malcomx_90.jpg	0.004515886306762695	0.2114567756652832	100.0
./orb_stats_bf_matcher.csv:malcomx_90.jpg	0.005002021789550781	0.25082993507385254	100.0
./orb_stats_bf_matcher.csv:malcomx_90.jpg	0.005002021789550781	0.21815180778503418	100.0
./orb_stats_bf_matcher.csv:malcomx_90.jpg	0.00510716438293457	0.2043139934539795	100.0
./orb_stats_bf_matcher.csv:malcomx_90.jpg	0.004821062088012695	0.21778202056884766	100.0
./orb_stats_bf_matcher.csv:memory_90.jpg	0.004644155502319336	0.2057039737701416	100.0
./orb_stats_bf_matcher.csv:memory_90.jpg	0.004509925842285156	0.20070195198059082	100.0
./orb_stats_bf_matcher.csv:memory_90.jpg	0.004426002502441406	0.20345211029052734	100.0
./orb_stats_bf_matcher.csv:memory_90.jpg	0.004569053649902344	0.20200800895690918	100.0
./orb_stats_bf_matcher.csv:memory_90.jpg	0.00551605224609375	0.19728517532348633	100.0
./orb_stats_bf_matcher.csv:memory_90.jpg	0.0044901371002197266	0.2003931999206543	100.0
./orb_stats_bf_matcher.csv:memory_90.jpg	0.004472970962524414	0.20141100883483887	100.0
./orb_stats_bf_matcher.csv:memory_90.jpg	0.0052111148834228516	0.20159506797790527	100.0
./orb_stats_bf_matcher.csv:memory_90.jpg	0.006284952163696289	0.1999340057373047	100.0
./orb_stats_bf_matcher.csv:memory_90.jpg	0.004576921463012695	0.2005159854888916	100.0
./orb_stats_bf_matcher.csv:prayer_90.jpg	0.004502058029174805	0.20822715759277344	100.0
./orb_stats_bf_matcher.csv:prayer_90.jpg	0.0044400691986083984	0.2001659870147705	100.0
./orb_stats_bf_matcher.csv:prayer_90.jpg	0.004528045654296875	0.19407105445861816	100.0
./orb_stats_bf_matcher.csv:prayer_90.jpg	0.0066890716552734375	0.2193131446838379	100.0
./orb_stats_bf_matcher.csv:prayer_90.jpg	0.005571842193603516	0.2047100067138672	100.0
./orb_stats_bf_matcher.csv:prayer_90.jpg	0.005363941192626953	0.19649696350097656	100.0
./orb_stats_bf_matcher.csv:prayer_90.jpg	0.005909919738769531	0.2003328800201416	100.0
./orb_stats_bf_matcher.csv:prayer_90.jpg	0.005269050598144531	0.19785094261169434	100.0
./orb_stats_bf_matcher.csv:prayer_90.jpg	0.005406856536865234	0.19481682777404785	100.0
./orb_stats_bf_matcher.csv:prayer_90.jpg	0.004495143890380859	0.1929340362548828	100.0
./orb_stats_bf_matcher.csv:rose_90.jpg	0.004501819610595703	0.18784809112548828	100.0
./orb_stats_bf_matcher.csv:rose_90.jpg	0.0046689510345458984	0.19015812873840332	100.0
./orb_stats_bf_matcher.csv:rose_90.jpg	0.004641056060791016	0.18540191650390625	100.0
./orb_stats_bf_matcher.csv:rose_90.jpg	0.004608869552612305	0.19747209548950195	100.0
./orb_stats_bf_matcher.csv:rose_90.jpg	0.004991054534912109	0.19946599006652832	100.0
./orb_stats_bf_matcher.csv:rose_90.jpg	0.004643917083740234	0.19074797630310059	100.0
./orb_stats_bf_matcher.csv:rose_90.jpg	0.004597902297973633	0.19906878471374512	100.0
./orb_stats_bf_matcher.csv:rose_90.jpg	0.00525212287902832	0.18956899642944336	100.0
./orb_stats_bf_matcher.csv:rose_90.jpg	0.0045359134674072266	0.17904305458068848	100.0
./orb_stats_bf_matcher.csv:rose_90.jpg	0.004454135894775391	0.16840505599975586	100.0
./orb_stats_bf_matcher.csv:sherlock_90.jpg	0.0047299861907958984	0.2816660404205322	100.0
./orb_stats_bf_matcher.csv:sherlock_90.jpg	0.004438161849975586	0.22579288482666016	100.0
./orb_stats_bf_matcher.csv:sherlock_90.jpg	0.0044231414794921875	0.20456719398498535	100.0
./orb_stats_bf_matcher.csv:sherlock_90.jpg	0.004981040954589844	0.20127105712890625	100.0
./orb_stats_bf_matcher.csv:sherlock_90.jpg	0.005764007568359375	0.21726393699645996	100.0
./orb_stats_bf_matcher.csv:sherlock_90.jpg	0.004853963851928711	0.223189115524292	100.0
./orb_stats_bf_matcher.csv:sherlock_90.jpg	0.004453182220458984	0.17967987060546875	100.0
./orb_stats_bf_matcher.csv:sherlock_90.jpg	0.004467010498046875	0.1786820888519287	100.0
./orb_stats_bf_matcher.csv:sherlock_90.jpg	0.00453495979309082	0.17945313453674316	100.0
./orb_stats_bf_matcher.csv:sherlock_90.jpg	0.004442930221557617	0.21254992485046387	100.0
./orb_stats_bf_matcher.csv:the_100_90.jpg	0.004427909851074219	0.19185805320739746	100.0
./orb_stats_bf_matcher.csv:the_100_90.jpg	0.0046539306640625	0.204787015914917	100.0
./orb_stats_bf_matcher.csv:the_100_90.jpg	0.004606008529663086	0.19754695892333984	100.0
./orb_stats_bf_matcher.csv:the_100_90.jpg	0.004436016082763672	0.19507598876953125	100.0
./orb_stats_bf_matcher.csv:the_100_90.jpg	0.004589080810546875	0.203995943069458	100.0
./orb_stats_bf_matcher.csv:the_100_90.jpg	0.004378795623779297	0.193436861038208	100.0
./orb_stats_bf_matcher.csv:the_100_90.jpg	0.004528999328613281	0.2125108242034912	100.0
./orb_stats_bf_matcher.csv:the_100_90.jpg	0.004569053649902344	0.19210505485534668	100.0
./orb_stats_bf_matcher.csv:the_100_90.jpg	0.005875110626220703	0.21590185165405273	100.0
./orb_stats_bf_matcher.csv:the_100_90.jpg	0.00451207160949707	0.2175459861755371	100.0
