./orb_stats_bf_matcher.csv:arabic_blurred.jpg	0.0007739067077636719	0.21030211448669434	0.0
./orb_stats_bf_matcher.csv:arabic_blurred.jpg	0.0007848739624023438	0.2437291145324707	0.0
./orb_stats_bf_matcher.csv:arabic_blurred.jpg	0.0011069774627685547	0.23173904418945312	0.0
./orb_stats_bf_matcher.csv:arabic_blurred.jpg	0.001051187515258789	0.20122289657592773	0.0
./orb_stats_bf_matcher.csv:arabic_blurred.jpg	0.0011529922485351562	0.25873398780822754	0.0
./orb_stats_bf_matcher.csv:arabic_blurred.jpg	0.0015740394592285156	0.21717286109924316	0.0
./orb_stats_bf_matcher.csv:arabic_blurred.jpg	0.000804901123046875	0.1862189769744873	0.0
./orb_stats_bf_matcher.csv:arabic_blurred.jpg	0.0008809566497802734	0.17858386039733887	0.0
./orb_stats_bf_matcher.csv:arabic_blurred.jpg	0.0009241104125976562	0.187852144241333	0.0
./orb_stats_bf_matcher.csv:arabic_blurred.jpg	0.0013289451599121094	0.2052779197692871	0.0
./orb_stats_bf_matcher.csv:butterfly_blurred.jpg	0.0005960464477539062	0.1670980453491211	183.333333333
./orb_stats_bf_matcher.csv:butterfly_blurred.jpg	0.0006051063537597656	0.16887998580932617	183.333333333
./orb_stats_bf_matcher.csv:butterfly_blurred.jpg	0.0006101131439208984	0.16389799118041992	183.333333333
./orb_stats_bf_matcher.csv:butterfly_blurred.jpg	0.0007500648498535156	0.16374897956848145	183.333333333
./orb_stats_bf_matcher.csv:butterfly_blurred.jpg	0.0007569789886474609	0.2120208740234375	183.333333333
./orb_stats_bf_matcher.csv:butterfly_blurred.jpg	0.0005960464477539062	0.17795586585998535	183.333333333
./orb_stats_bf_matcher.csv:butterfly_blurred.jpg	0.0006239414215087891	0.1883389949798584	183.333333333
./orb_stats_bf_matcher.csv:butterfly_blurred.jpg	0.0007719993591308594	0.18653512001037598	183.333333333
./orb_stats_bf_matcher.csv:butterfly_blurred.jpg	0.0010440349578857422	0.1882619857788086	183.333333333
./orb_stats_bf_matcher.csv:butterfly_blurred.jpg	0.0006039142608642578	0.18223190307617188	183.333333333
./orb_stats_bf_matcher.csv:likeblack_blurred.jpg	0.0011920928955078125	0.21130800247192383	31.5789473684
./orb_stats_bf_matcher.csv:likeblack_blurred.jpg	0.0006921291351318359	0.18884897232055664	31.5789473684
./orb_stats_bf_matcher.csv:likeblack_blurred.jpg	0.0007131099700927734	0.18087100982666016	31.5789473684
./orb_stats_bf_matcher.csv:likeblack_blurred.jpg	0.0006930828094482422	0.18305110931396484	31.5789473684
./orb_stats_bf_matcher.csv:likeblack_blurred.jpg	0.0007941722869873047	0.19433212280273438	31.5789473684
./orb_stats_bf_matcher.csv:likeblack_blurred.jpg	0.0008959770202636719	0.18894410133361816	31.5789473684
./orb_stats_bf_matcher.csv:likeblack_blurred.jpg	0.001051187515258789	0.1830751895904541	31.5789473684
./orb_stats_bf_matcher.csv:likeblack_blurred.jpg	0.0015349388122558594	0.19785594940185547	31.5789473684
./orb_stats_bf_matcher.csv:likeblack_blurred.jpg	0.000743865966796875	0.19754695892333984	31.5789473684
./orb_stats_bf_matcher.csv:likeblack_blurred.jpg	0.0008959770202636719	0.2580530643463135	31.5789473684
./orb_stats_bf_matcher.csv:madam_blurred.jpg	0.0009169578552246094	0.1748950481414795	6.25
./orb_stats_bf_matcher.csv:madam_blurred.jpg	0.0009682178497314453	0.16884112358093262	6.25
./orb_stats_bf_matcher.csv:madam_blurred.jpg	0.00162506103515625	0.3064761161804199	6.25
./orb_stats_bf_matcher.csv:madam_blurred.jpg	0.0007719993591308594	0.17348909378051758	6.25
./orb_stats_bf_matcher.csv:madam_blurred.jpg	0.0007450580596923828	0.18099403381347656	6.25
./orb_stats_bf_matcher.csv:madam_blurred.jpg	0.0007810592651367188	0.17050719261169434	6.25
./orb_stats_bf_matcher.csv:madam_blurred.jpg	0.0009829998016357422	0.19630908966064453	6.25
./orb_stats_bf_matcher.csv:madam_blurred.jpg	0.0009109973907470703	0.1693730354309082	6.25
./orb_stats_bf_matcher.csv:madam_blurred.jpg	0.0007660388946533203	0.17961812019348145	6.25
./orb_stats_bf_matcher.csv:madam_blurred.jpg	0.0007870197296142578	0.17962193489074707	6.25
./orb_stats_bf_matcher.csv:malcomx_blurred.jpg	0.0007770061492919922	0.17661094665527344	6.45161290323
./orb_stats_bf_matcher.csv:malcomx_blurred.jpg	0.0007469654083251953	0.16711187362670898	6.45161290323
./orb_stats_bf_matcher.csv:malcomx_blurred.jpg	0.0008800029754638672	0.1706252098083496	6.45161290323
./orb_stats_bf_matcher.csv:malcomx_blurred.jpg	0.000720977783203125	0.17015695571899414	6.45161290323
./orb_stats_bf_matcher.csv:malcomx_blurred.jpg	0.0007309913635253906	0.17957186698913574	6.45161290323
./orb_stats_bf_matcher.csv:malcomx_blurred.jpg	0.0008230209350585938	0.20762300491333008	6.45161290323
./orb_stats_bf_matcher.csv:malcomx_blurred.jpg	0.0007557868957519531	0.1860671043395996	6.45161290323
./orb_stats_bf_matcher.csv:malcomx_blurred.jpg	0.0007259845733642578	0.18136119842529297	6.45161290323
./orb_stats_bf_matcher.csv:malcomx_blurred.jpg	0.0008981227874755859	0.19190287590026855	6.45161290323
./orb_stats_bf_matcher.csv:malcomx_blurred.jpg	0.0009479522705078125	0.20452284812927246	6.45161290323
./orb_stats_bf_matcher.csv:memory_blurred.jpg	0.0005040168762207031	0.18428802490234375	660.0
./orb_stats_bf_matcher.csv:memory_blurred.jpg	0.0005931854248046875	0.18851208686828613	660.0
./orb_stats_bf_matcher.csv:memory_blurred.jpg	0.0005240440368652344	0.19452595710754395	660.0
./orb_stats_bf_matcher.csv:memory_blurred.jpg	0.0005340576171875	0.19102692604064941	660.0
./orb_stats_bf_matcher.csv:memory_blurred.jpg	0.0006699562072753906	0.17528319358825684	660.0
./orb_stats_bf_matcher.csv:memory_blurred.jpg	0.0005249977111816406	0.1862637996673584	660.0
./orb_stats_bf_matcher.csv:memory_blurred.jpg	0.0006761550903320312	0.17948603630065918	660.0
./orb_stats_bf_matcher.csv:memory_blurred.jpg	0.0005509853363037109	0.1855151653289795	660.0
./orb_stats_bf_matcher.csv:memory_blurred.jpg	0.0005259513854980469	0.18296599388122559	660.0
./orb_stats_bf_matcher.csv:memory_blurred.jpg	0.0006220340728759766	0.18225312232971191	660.0
./orb_stats_bf_matcher.csv:prayer_blurred.jpg	0.0006368160247802734	0.22165799140930176	66.6666666667
./orb_stats_bf_matcher.csv:prayer_blurred.jpg	0.0006821155548095703	0.18032407760620117	66.6666666667
./orb_stats_bf_matcher.csv:prayer_blurred.jpg	0.0004858970642089844	0.18156981468200684	66.6666666667
./orb_stats_bf_matcher.csv:prayer_blurred.jpg	0.0006170272827148438	0.18526101112365723	66.6666666667
./orb_stats_bf_matcher.csv:prayer_blurred.jpg	0.0004889965057373047	0.1864159107208252	66.6666666667
./orb_stats_bf_matcher.csv:prayer_blurred.jpg	0.0005071163177490234	0.1818830966949463	66.6666666667
./orb_stats_bf_matcher.csv:prayer_blurred.jpg	0.0004868507385253906	0.18402504920959473	66.6666666667
./orb_stats_bf_matcher.csv:prayer_blurred.jpg	0.0006039142608642578	0.19217586517333984	66.6666666667
./orb_stats_bf_matcher.csv:prayer_blurred.jpg	0.0004918575286865234	0.18178200721740723	66.6666666667
./orb_stats_bf_matcher.csv:prayer_blurred.jpg	0.0006189346313476562	0.18381810188293457	66.6666666667
./orb_stats_bf_matcher.csv:rose_blurred.jpg	0.0005819797515869141	0.18413615226745605	9.09090909091
./orb_stats_bf_matcher.csv:rose_blurred.jpg	0.0006740093231201172	0.17641997337341309	9.09090909091
./orb_stats_bf_matcher.csv:rose_blurred.jpg	0.0006659030914306641	0.17653989791870117	9.09090909091
./orb_stats_bf_matcher.csv:rose_blurred.jpg	0.0007810592651367188	0.18616795539855957	9.09090909091
./orb_stats_bf_matcher.csv:rose_blurred.jpg	0.0007040500640869141	0.18733787536621094	9.09090909091
./orb_stats_bf_matcher.csv:rose_blurred.jpg	0.0006818771362304688	0.1910839080810547	9.09090909091
./orb_stats_bf_matcher.csv:rose_blurred.jpg	0.0007569789886474609	0.18082785606384277	9.09090909091
./orb_stats_bf_matcher.csv:rose_blurred.jpg	0.0006899833679199219	0.17923593521118164	9.09090909091
./orb_stats_bf_matcher.csv:rose_blurred.jpg	0.0007569789886474609	0.1873619556427002	9.09090909091
./orb_stats_bf_matcher.csv:rose_blurred.jpg	0.0005581378936767578	0.1651310920715332	9.09090909091
./orb_stats_bf_matcher.csv:sherlock_blurred.jpg	0.0014269351959228516	0.1903848648071289	2.38095238095
./orb_stats_bf_matcher.csv:sherlock_blurred.jpg	0.0008690357208251953	0.21318411827087402	2.38095238095
./orb_stats_bf_matcher.csv:sherlock_blurred.jpg	0.0014820098876953125	0.19171404838562012	2.38095238095
./orb_stats_bf_matcher.csv:sherlock_blurred.jpg	0.0008208751678466797	0.18882298469543457	2.38095238095
./orb_stats_bf_matcher.csv:sherlock_blurred.jpg	0.0008401870727539062	0.19310307502746582	2.38095238095
./orb_stats_bf_matcher.csv:sherlock_blurred.jpg	0.0008051395416259766	0.18134713172912598	2.38095238095
./orb_stats_bf_matcher.csv:sherlock_blurred.jpg	0.0008361339569091797	0.16606998443603516	2.38095238095
./orb_stats_bf_matcher.csv:sherlock_blurred.jpg	0.0008499622344970703	0.16847610473632812	2.38095238095
./orb_stats_bf_matcher.csv:sherlock_blurred.jpg	0.0008080005645751953	0.16724491119384766	2.38095238095
./orb_stats_bf_matcher.csv:sherlock_blurred.jpg	0.0008039474487304688	0.18763208389282227	2.38095238095
./orb_stats_bf_matcher.csv:the_100_blurred.jpg	0.0008318424224853516	0.16111302375793457	8.57142857143
./orb_stats_bf_matcher.csv:the_100_blurred.jpg	0.0008230209350585938	0.15970611572265625	8.57142857143
./orb_stats_bf_matcher.csv:the_100_blurred.jpg	0.0008299350738525391	0.16903400421142578	8.57142857143
./orb_stats_bf_matcher.csv:the_100_blurred.jpg	0.0008280277252197266	0.16668701171875	8.57142857143
./orb_stats_bf_matcher.csv:the_100_blurred.jpg	0.0008490085601806641	0.16060495376586914	8.57142857143
./orb_stats_bf_matcher.csv:the_100_blurred.jpg	0.0008330345153808594	0.16067814826965332	8.57142857143
./orb_stats_bf_matcher.csv:the_100_blurred.jpg	0.0009350776672363281	0.17104196548461914	8.57142857143
./orb_stats_bf_matcher.csv:the_100_blurred.jpg	0.000823974609375	0.17280220985412598	8.57142857143
./orb_stats_bf_matcher.csv:the_100_blurred.jpg	0.0008170604705810547	0.17062616348266602	8.57142857143
./orb_stats_bf_matcher.csv:the_100_blurred.jpg	0.0013759136199951172	0.18810105323791504	8.57142857143
